{
    "0.15": {
        "reservoir_size": 390,
        "spectral_radius": 1.3065689793007509,
        "sparsity": 0.3213264883368112,
        "leak_rate": 0.9239427643052454,
        "input_scaling": 4.713814019627666,
        "ridge_param": 0.007078397204878026
    }
}